feature,importance
Q3#2.Job_replacement,0.13118019767615902
Q11.Disadvantage_educational_process,0.12350561585364815
Q3#1.AI_dehumanization,0.11703613630777476
Q4#2.Economic_crisis,0.10712539715897555
Q9.Advantage_learning,0.0856051533762856
Q4#1.AI_costly,0.08484097560804166
Q3#3.Problem_solving,0.08221857643258759
Q10.Advantage_evaluation ,0.08131793410586562
Q4#3.Economic_growth,0.07466974244668884
Q8.Advantage_teaching,0.06518041399471833
Q5.Feelings,0.04731985703925508
